age,Arthritis,Asthma,Cancer,Dementia,Diabetes,HeartDisease,KidneyDisease,LungCondition,MentalHealthCondition,Stroke,otherLongTermHealthCond,NoLongTermHealthCond,NotStated,Age-Total
0-14 ,858,"74,452","1,096",80,"1,785","2,089","1,246","1,092","23,107",403,"45,011","9,45,340","90,329","11,69,456"
15-24 ,"3,293","67,333","1,432",113,"3,941","1,753","1,069",854,"82,294",426,"40,141","5,46,938","60,985","7,73,536"
25-34 ,"11,637","87,461","3,755",164,"9,034","3,086","2,063","1,619","1,10,898",841,"55,917","6,76,524","75,553","9,75,493"
35-44 ,"24,624","82,130","8,297",205,"20,919","5,969","3,272","3,076","94,621","1,869","63,450","6,17,573","67,444","9,18,738"
45-54 ,"56,107","70,847","18,603",572,"39,381","16,861","5,344","7,940","90,254","4,757","75,706","4,95,448","62,183","8,26,885"
55-64 ,"1,08,774","62,836","35,952","1,679","66,764","41,654","8,833","18,364","77,478","9,268","88,069","3,65,070","53,548","7,46,547"
65-74 ,"1,47,703","55,144","53,641","5,857","84,590","71,480","13,440","29,306","50,386","15,652","76,926","2,15,966","41,360","6,05,557"
75-84 ,"1,13,084","31,506","40,743","16,232","56,999","65,103","13,897","24,675","26,240","16,613","46,775","84,155","26,469","3,44,801"
85 years,"52,545","11,336","15,812","21,041","19,955","35,116","8,286","10,352","15,871","10,026","27,113","22,486","14,840","1,42,475"
